-- --------------------------------------------------------
-- Host:                         127.0.0.1
-- Server version:               5.5.24-log - MySQL Community Server (GPL)
-- Server OS:                    Win32
-- HeidiSQL version:             7.0.0.4053
-- Date/time:                    2013-09-19 06:38:33
-- --------------------------------------------------------

/*!40101 SET @OLD_CHARACTER_SET_CLIENT=@@CHARACTER_SET_CLIENT */;
/*!40101 SET NAMES utf8 */;
/*!40014 SET FOREIGN_KEY_CHECKS=0 */;

-- Dumping database structure for sba
DROP DATABASE IF EXISTS `sba`;
CREATE DATABASE IF NOT EXISTS `sba` /*!40100 DEFAULT CHARACTER SET latin1 */;
USE `sba`;


-- Dumping structure for table sba.coaches
DROP TABLE IF EXISTS `coaches`;
CREATE TABLE IF NOT EXISTS `coaches` (
  `coach_id` int(10) NOT NULL,
  `coach_first_name` varchar(50) NOT NULL,
  `coach_last_name` varchar(50) NOT NULL,
  PRIMARY KEY (`coach_id`)
) ENGINE=InnoDB DEFAULT CHARSET=latin1;

-- Dumping data for table sba.coaches: ~10 rows (approximately)
/*!40000 ALTER TABLE `coaches` DISABLE KEYS */;
INSERT INTO `coaches` (`coach_id`, `coach_first_name`, `coach_last_name`) VALUES
	(1, 'John', 'Smith'),
	(2, 'Elliott', 'Finch'),
	(3, 'Eddie', 'Murphy'),
	(4, 'Illya', 'Dragovich'),
	(5, 'Mad', 'Max'),
	(6, 'Arthur', 'Eddington'),
	(7, 'Paul', 'Brigley'),
	(8, 'Ivan', 'Dostov'),
	(9, 'Michael', 'Bloomberg'),
	(10, 'Joseph', 'Kennedy');
/*!40000 ALTER TABLE `coaches` ENABLE KEYS */;


-- Dumping structure for table sba.games
DROP TABLE IF EXISTS `games`;
CREATE TABLE IF NOT EXISTS `games` (
  `game_id` int(10) NOT NULL,
  `first_team_id` int(10) NOT NULL,
  `second_team_id` int(10) NOT NULL,
  `venue_id` int(10) NOT NULL,
  `home_team_id` int(10) NOT NULL,
  `first_team_points` int(10) DEFAULT NULL,
  `second_team_points` int(10) DEFAULT NULL,
  `time_strarted` datetime DEFAULT NULL,
  `time_ended` datetime DEFAULT NULL,
  `attendance` int(11) DEFAULT NULL,
  PRIMARY KEY (`game_id`)
) ENGINE=InnoDB DEFAULT CHARSET=latin1;

-- Dumping data for table sba.games: ~45 rows (approximately)
/*!40000 ALTER TABLE `games` DISABLE KEYS */;
INSERT INTO `games` (`game_id`, `first_team_id`, `second_team_id`, `venue_id`, `home_team_id`, `first_team_points`, `second_team_points`, `time_strarted`, `time_ended`, `attendance`) VALUES
	(1, 3, 7, 9, 7, 61, 94, '2011-01-01 20:00:00', '2011-01-01 21:34:00', 30100),
	(2, 2, 6, 8, 6, 73, 104, '2011-01-02 20:04:00', '2011-01-02 21:42:00', 8960),
	(3, 1, 8, 3, 1, 69, 98, '2011-01-03 20:07:00', '2011-01-03 21:40:00', 11000),
	(4, 7, 9, 1, 9, 92, 77, '2011-01-04 20:03:00', '2011-01-04 21:37:00', 4100),
	(5, 2, 3, 4, 2, 80, 86, '2011-01-05 20:06:00', '2011-01-05 21:32:00', 42240),
	(6, 4, 8, 6, 4, 129, 73, '2011-01-06 20:05:00', '2011-01-06 21:35:00', 12300),
	(7, 5, 10, 2, 10, 96, 82, '2011-01-07 20:03:00', '2011-01-07 21:26:00', 6600),
	(8, 9, 10, 2, 10, 97, 96, '2011-01-08 20:05:00', '2011-01-08 21:34:00', 9600),
	(9, 4, 10, 6, 4, 113, 71, '2011-01-09 20:07:00', '2011-01-09 21:41:00', 12300),
	(10, 4, 5, 7, 5, 111, 136, '2011-01-10 20:02:00', '2011-01-10 21:28:00', 19780),
	(11, 1, 4, 3, 1, 104, 144, '2011-01-11 20:05:00', '2011-01-11 21:41:00', 16000),
	(12, 1, 6, 3, 1, 105, 61, '2011-01-12 20:08:00', '2011-01-12 21:37:00', 10000),
	(13, 5, 7, 7, 5, 116, 84, '2011-01-13 20:08:00', '2011-01-13 21:45:00', 21390),
	(14, 4, 9, 1, 9, 140, 124, '2011-01-14 20:04:00', '2011-01-14 21:34:00', 4150),
	(15, 1, 9, 1, 9, 64, 101, '2011-01-15 20:04:00', '2011-01-15 21:35:00', 3200),
	(16, 7, 10, 9, 7, 59, 58, '2011-01-16 20:03:00', '2011-01-16 21:30:00', 17850),
	(17, 2, 9, 4, 2, 81, 75, '2011-01-17 20:08:00', '2011-01-17 21:38:00', 28320),
	(18, 8, 10, 10, 8, 77, 68, '2011-01-18 20:03:00', '2011-01-18 21:25:00', 20160),
	(19, 3, 8, 5, 3, 149, 82, '2011-01-19 20:03:00', '2011-01-19 21:40:00', 21000),
	(20, 3, 6, 5, 3, 121, 123, '2011-01-20 20:06:00', '2011-01-20 21:41:00', 21560),
	(21, 3, 10, 5, 3, 160, 88, '2011-01-21 20:05:00', '2011-01-21 21:31:00', 22120),
	(22, 3, 9, 1, 9, 87, 85, '2011-01-22 20:04:00', '2011-01-22 21:37:00', 3450),
	(23, 2, 10, 2, 10, 96, 76, '2011-01-23 20:06:00', '2011-01-23 21:41:00', 6300),
	(24, 1, 5, 7, 5, 110, 119, '2011-01-24 20:07:00', '2011-01-24 21:33:00', 22080),
	(25, 6, 8, 10, 8, 114, 71, '2011-01-25 20:10:00', '2011-01-25 21:33:00', 12960),
	(26, 1, 7, 9, 7, 122, 78, '2011-01-26 20:01:00', '2011-01-26 21:26:00', 22750),
	(27, 5, 8, 10, 8, 115, 84, '2011-01-27 20:05:00', '2011-01-27 21:35:00', 22320),
	(28, 5, 9, 7, 5, 130, 64, '2011-01-28 20:05:00', '2011-01-28 21:38:00', 13370),
	(29, 4, 6, 6, 4, 147, 88, '2011-01-29 20:05:00', '2011-01-29 21:32:00', 9000),
	(30, 3, 4, 5, 3, 117, 116, '2011-01-30 20:04:00', '2011-01-30 21:27:00', 15960),
	(31, 5, 6, 8, 6, 148, 90, '2011-01-31 20:07:00', '2011-01-31 21:34:00', 9380),
	(32, 6, 7, 8, 6, 45, 72, '2011-02-01 20:08:00', '2011-02-01 21:39:00', 13020),
	(33, 2, 8, 10, 8, 104, 90, '2011-02-02 20:05:00', '2011-02-02 21:33:00', 13680),
	(34, 7, 8, 9, 7, 80, 117, '2011-02-03 20:03:00', '2011-02-03 21:35:00', 32900),
	(35, 6, 10, 2, 10, 48, 74, '2011-02-04 20:01:00', '2011-02-04 21:23:00', 6100),
	(36, 1, 3, 5, 3, 129, 117, '2011-02-05 20:03:00', '2011-02-05 21:29:00', 17640),
	(37, 8, 9, 1, 9, 51, 79, '2011-02-06 20:05:00', '2011-02-06 21:30:00', 3850),
	(38, 1, 10, 3, 1, 116, 101, '2011-02-07 20:04:00', '2011-02-07 21:33:00', 13200),
	(39, 6, 9, 8, 6, 71, 76, '2011-02-08 20:07:00', '2011-02-08 21:32:00', 9380),
	(40, 4, 7, 9, 7, 134, 51, '2011-02-09 20:05:00', '2011-02-09 21:37:00', 23450),
	(41, 1, 2, 3, 1, 115, 120, '2011-02-10 20:06:00', '2011-02-10 21:32:00', 20000),
	(42, 2, 4, 6, 4, 112, 125, '2011-02-11 20:05:00', '2011-02-11 21:28:00', 11550),
	(43, 3, 5, 7, 5, 98, 101, '2011-02-12 20:04:00', '2011-02-12 21:31:00', 19780),
	(44, 2, 5, 4, 2, 85, 131, '2011-02-13 20:20:00', '2011-02-13 21:39:00', 43200),
	(45, 2, 7, 4, 2, 111, 93, '2011-02-14 20:08:00', '2011-02-14 21:46:00', 37920);
/*!40000 ALTER TABLE `games` ENABLE KEYS */;


-- Dumping structure for table sba.participations
DROP TABLE IF EXISTS `participations`;
CREATE TABLE IF NOT EXISTS `participations` (
  `game_id` int(10) NOT NULL,
  `player_id` int(10) NOT NULL,
  `minutes` int(10) NOT NULL,
  `starter` tinyint(1) NOT NULL,
  `points` int(3) NOT NULL,
  `assists` int(3) NOT NULL,
  `fouls` int(3) NOT NULL,
  PRIMARY KEY (`game_id`,`player_id`)
) ENGINE=InnoDB DEFAULT CHARSET=latin1;

-- Dumping data for table sba.participations: ~1,014 rows (approximately)
/*!40000 ALTER TABLE `participations` DISABLE KEYS */;
INSERT INTO `participations` (`game_id`, `player_id`, `minutes`, `starter`, `points`, `assists`, `fouls`) VALUES
	(1, 21, 45, 1, 19, 3, 0),
	(1, 25, 45, 1, 12, 1, 0),
	(1, 27, 45, 1, 12, 2, 1),
	(1, 28, 15, 0, 1, 2, 1),
	(1, 29, 45, 1, 12, 4, 0),
	(1, 30, 45, 1, 5, 2, 1),
	(1, 61, 15, 1, 19, 1, 2),
	(1, 62, 45, 1, 12, 5, 2),
	(1, 63, 15, 0, 8, 1, 1),
	(1, 64, 30, 1, 17, 1, 1),
	(1, 65, 45, 1, 17, 1, 2),
	(1, 66, 15, 0, 6, 1, 4),
	(1, 67, 18, 1, 10, 1, 3),
	(1, 68, 24, 0, 1, 1, 4),
	(1, 69, 18, 0, 2, 1, 4),
	(1, 70, 15, 0, 2, 2, 2),
	(2, 11, 30, 0, 15, 3, 1),
	(2, 12, 25, 1, 4, 3, 2),
	(2, 13, 20, 0, 4, 3, 0),
	(2, 14, 25, 1, 8, 3, 2),
	(2, 15, 15, 0, 6, 1, 2),
	(2, 16, 25, 0, 1, 1, 1),
	(2, 17, 15, 0, 0, 2, 5),
	(2, 18, 30, 1, 5, 2, 2),
	(2, 19, 40, 1, 25, 2, 0),
	(2, 20, 15, 1, 5, 5, 1),
	(2, 51, 30, 0, 8, 3, 2),
	(2, 52, 15, 1, 17, 5, 0),
	(2, 53, 5, 0, 6, 2, 2),
	(2, 54, 30, 1, 4, 3, 2),
	(2, 55, 25, 0, 10, 3, 1),
	(2, 57, 45, 1, 25, 2, 2),
	(2, 58, 45, 0, 25, 5, 2),
	(2, 59, 30, 1, 5, 3, 0),
	(2, 60, 15, 1, 4, 1, 4),
	(3, 1, 15, 1, 2, 1, 1),
	(3, 2, 15, 0, 0, 2, 2),
	(3, 3, 20, 0, 8, 3, 2),
	(3, 4, 15, 0, 0, 2, 5),
	(3, 5, 30, 1, 15, 3, 2),
	(3, 6, 15, 0, 8, 3, 2),
	(3, 7, 40, 0, 5, 3, 0),
	(3, 8, 30, 1, 17, 4, 1),
	(3, 9, 30, 1, 2, 2, 2),
	(3, 10, 30, 1, 12, 3, 2),
	(3, 71, 18, 0, 4, 2, 3),
	(3, 72, 45, 1, 12, 1, 0),
	(3, 74, 15, 0, 6, 2, 5),
	(3, 75, 30, 1, 4, 1, 0),
	(3, 76, 20, 1, 10, 3, 1),
	(3, 77, 27, 0, 4, 3, 2),
	(3, 78, 15, 0, 14, 1, 2),
	(3, 79, 40, 1, 40, 5, 2),
	(3, 80, 30, 1, 4, 3, 2),
	(4, 61, 45, 1, 8, 1, 2),
	(4, 62, 30, 1, 19, 2, 2),
	(4, 63, 15, 0, 0, 2, 3),
	(4, 64, 40, 1, 17, 5, 0),
	(4, 65, 40, 1, 25, 1, 0),
	(4, 66, 15, 0, 14, 2, 2),
	(4, 68, 20, 0, 1, 2, 5),
	(4, 69, 15, 0, 2, 2, 1),
	(4, 70, 20, 1, 6, 1, 5),
	(4, 82, 45, 1, 17, 5, 2),
	(4, 83, 30, 1, 8, 3, 2),
	(4, 84, 15, 0, 2, 2, 2),
	(4, 85, 20, 0, 2, 3, 0),
	(4, 86, 45, 1, 19, 2, 2),
	(4, 87, 15, 0, 4, 2, 2),
	(4, 88, 10, 0, 4, 2, 3),
	(4, 89, 15, 1, 4, 2, 3),
	(4, 90, 45, 1, 17, 5, 2),
	(5, 11, 15, 0, 10, 2, 2),
	(5, 12, 30, 1, 2, 3, 2),
	(5, 13, 30, 1, 10, 3, 2),
	(5, 14, 30, 0, 4, 3, 0),
	(5, 17, 20, 0, 6, 2, 5),
	(5, 18, 30, 1, 12, 2, 2),
	(5, 19, 40, 1, 19, 3, 0),
	(5, 20, 45, 1, 17, 1, 2),
	(5, 21, 45, 1, 19, 2, 2),
	(5, 23, 30, 0, 4, 3, 2),
	(5, 25, 45, 1, 12, 4, 2),
	(5, 27, 30, 1, 5, 5, 2),
	(5, 28, 10, 0, 2, 2, 4),
	(5, 29, 40, 1, 25, 4, 0),
	(5, 30, 40, 1, 19, 2, 2),
	(6, 31, 45, 0, 17, 1, 2),
	(6, 32, 15, 0, 2, 2, 5),
	(6, 35, 40, 1, 19, 1, 1),
	(6, 36, 20, 1, 4, 2, 4),
	(6, 37, 30, 1, 25, 1, 2),
	(6, 38, 30, 0, 20, 3, 2),
	(6, 39, 30, 1, 25, 3, 2),
	(6, 40, 30, 1, 17, 3, 2),
	(6, 71, 20, 1, 4, 2, 1),
	(6, 72, 45, 1, 12, 2, 2),
	(6, 73, 30, 0, 1, 1, 0),
	(6, 74, 15, 0, 4, 1, 5),
	(6, 75, 15, 0, 4, 3, 1),
	(6, 76, 15, 1, 4, 3, 2),
	(6, 77, 25, 0, 1, 3, 0),
	(6, 78, 5, 0, 4, 2, 2),
	(6, 79, 45, 1, 19, 5, 0),
	(6, 80, 25, 1, 20, 3, 2),
	(7, 41, 30, 0, 10, 3, 1),
	(7, 42, 45, 0, 19, 5, 0),
	(7, 43, 30, 1, 19, 5, 1),
	(7, 44, 45, 1, 17, 1, 1),
	(7, 45, 15, 0, 6, 2, 3),
	(7, 46, 30, 1, 8, 3, 2),
	(7, 49, 30, 1, 12, 4, 2),
	(7, 50, 15, 1, 5, 4, 2),
	(7, 91, 34, 0, 2, 1, 3),
	(7, 92, 45, 1, 17, 4, 1),
	(7, 93, 20, 0, 8, 3, 1),
	(7, 94, 18, 1, 2, 1, 5),
	(7, 95, 20, 0, 10, 3, 1),
	(7, 96, 18, 0, 8, 1, 3),
	(7, 97, 15, 0, 8, 2, 2),
	(7, 98, 30, 1, 19, 3, 0),
	(7, 99, 15, 1, 4, 2, 2),
	(7, 100, 25, 1, 4, 3, 1),
	(8, 81, 25, 0, 10, 2, 0),
	(8, 82, 45, 1, 17, 5, 1),
	(8, 84, 15, 0, 2, 2, 2),
	(8, 85, 25, 1, 10, 3, 1),
	(8, 86, 30, 1, 12, 2, 1),
	(8, 87, 30, 1, 10, 3, 2),
	(8, 88, 18, 0, 1, 1, 3),
	(8, 89, 12, 0, 10, 2, 2),
	(8, 90, 40, 1, 25, 5, 1),
	(8, 91, 15, 0, 2, 2, 2),
	(8, 92, 15, 1, 19, 4, 2),
	(8, 93, 20, 1, 10, 1, 2),
	(8, 94, 18, 0, 2, 2, 4),
	(8, 95, 30, 1, 20, 3, 2),
	(8, 96, 20, 0, 2, 1, 4),
	(8, 97, 52, 0, 8, 1, 1),
	(8, 98, 30, 1, 19, 5, 0),
	(8, 99, 15, 0, 4, 2, 2),
	(8, 100, 25, 1, 10, 3, 2),
	(9, 31, 45, 1, 17, 2, 2),
	(9, 32, 15, 0, 2, 1, 1),
	(9, 33, 15, 1, 6, 1, 5),
	(9, 34, 15, 0, 4, 3, 0),
	(9, 35, 15, 1, 25, 5, 2),
	(9, 36, 18, 1, 2, 1, 5),
	(9, 37, 27, 0, 17, 3, 2),
	(9, 38, 15, 0, 15, 3, 2),
	(9, 39, 30, 0, 8, 2, 1),
	(9, 40, 45, 1, 17, 5, 0),
	(9, 91, 15, 1, 2, 2, 4),
	(9, 92, 45, 1, 12, 3, 0),
	(9, 93, 20, 1, 10, 2, 2),
	(9, 94, 15, 0, 6, 1, 5),
	(9, 95, 27, 0, 1, 1, 0),
	(9, 96, 15, 0, 2, 2, 5),
	(9, 97, 18, 0, 2, 2, 3),
	(9, 98, 40, 1, 12, 4, 2),
	(9, 99, 20, 0, 4, 2, 5),
	(9, 100, 25, 1, 20, 2, 2),
	(10, 31, 30, 1, 12, 5, 1),
	(10, 33, 15, 0, 8, 1, 2),
	(10, 34, 25, 0, 8, 3, 2),
	(10, 35, 30, 1, 40, 3, 1),
	(10, 36, 5, 0, 2, 2, 2),
	(10, 37, 45, 1, 12, 2, 0),
	(10, 38, 20, 0, 2, 1, 2),
	(10, 39, 40, 1, 8, 3, 2),
	(10, 40, 30, 1, 19, 4, 2),
	(10, 41, 30, 0, 10, 1, 2),
	(10, 42, 30, 1, 17, 5, 0),
	(10, 43, 40, 1, 17, 2, 0),
	(10, 44, 30, 0, 5, 4, 2),
	(10, 45, 15, 1, 4, 2, 5),
	(10, 46, 5, 0, 20, 1, 2),
	(10, 47, 15, 0, 4, 2, 2),
	(10, 48, 15, 0, 0, 2, 5),
	(10, 49, 30, 1, 19, 1, 2),
	(10, 50, 30, 1, 40, 3, 2),
	(11, 2, 15, 1, 4, 2, 3),
	(11, 3, 25, 1, 4, 3, 2),
	(11, 4, 20, 0, 8, 1, 2),
	(11, 5, 20, 0, 20, 3, 2),
	(11, 6, 25, 1, 4, 3, 0),
	(11, 7, 20, 0, 19, 3, 0),
	(11, 8, 40, 1, 5, 4, 1),
	(11, 9, 30, 0, 15, 2, 0),
	(11, 10, 45, 1, 25, 2, 0),
	(11, 31, 30, 1, 17, 3, 1),
	(11, 32, 15, 0, 8, 1, 3),
	(11, 33, 15, 0, 2, 2, 3),
	(11, 34, 20, 1, 15, 1, 2),
	(11, 35, 30, 1, 40, 1, 2),
	(11, 36, 20, 0, 1, 1, 3),
	(11, 37, 5, 0, 17, 2, 2),
	(11, 38, 20, 0, 10, 3, 2),
	(11, 39, 45, 1, 17, 4, 0),
	(11, 40, 40, 1, 17, 3, 0),
	(12, 1, 30, 1, 10, 3, 0),
	(12, 2, 15, 0, 8, 2, 4),
	(12, 3, 25, 0, 10, 3, 2),
	(12, 4, 15, 0, 0, 2, 1),
	(12, 5, 15, 0, 8, 2, 2),
	(12, 6, 25, 1, 4, 3, 2),
	(12, 7, 30, 1, 30, 5, 0),
	(12, 8, 45, 1, 8, 1, 2),
	(12, 9, 30, 1, 10, 3, 2),
	(12, 10, 10, 0, 17, 1, 2),
	(12, 51, 30, 1, 2, 3, 0),
	(12, 52, 30, 0, 5, 4, 0),
	(12, 53, 15, 0, 4, 2, 5),
	(12, 54, 30, 1, 1, 3, 2),
	(12, 56, 25, 1, 4, 3, 2),
	(12, 57, 45, 1, 17, 1, 0),
	(12, 58, 5, 0, 19, 3, 0),
	(12, 59, 45, 1, 5, 1, 1),
	(12, 60, 15, 0, 4, 1, 1),
	(13, 42, 40, 1, 19, 1, 1),
	(13, 43, 40, 1, 30, 1, 1),
	(13, 44, 40, 1, 25, 5, 0),
	(13, 46, 25, 0, 10, 3, 1),
	(13, 48, 15, 0, 1, 1, 2),
	(13, 49, 40, 1, 19, 1, 0),
	(13, 50, 40, 1, 12, 5, 2),
	(13, 61, 40, 1, 19, 4, 1),
	(13, 62, 45, 1, 19, 5, 1),
	(13, 63, 15, 0, 0, 1, 5),
	(13, 64, 30, 1, 17, 1, 2),
	(13, 65, 26, 0, 12, 5, 1),
	(13, 66, 15, 0, 2, 2, 1),
	(13, 67, 18, 1, 4, 2, 4),
	(13, 68, 18, 0, 2, 2, 3),
	(13, 69, 15, 0, 8, 1, 5),
	(13, 70, 18, 1, 1, 1, 3),
	(14, 31, 30, 1, 5, 2, 2),
	(14, 32, 15, 0, 6, 2, 3),
	(14, 34, 20, 0, 10, 1, 2),
	(14, 35, 45, 1, 30, 2, 2),
	(14, 36, 20, 0, 6, 2, 1),
	(14, 37, 30, 1, 30, 2, 0),
	(14, 38, 5, 0, 15, 3, 0),
	(14, 39, 30, 1, 19, 5, 1),
	(14, 40, 45, 1, 19, 3, 1),
	(14, 81, 20, 1, 10, 3, 2),
	(14, 82, 45, 1, 17, 5, 0),
	(14, 83, 20, 0, 2, 1, 1),
	(14, 84, 12, 0, 4, 1, 1),
	(14, 85, 30, 1, 20, 3, 1),
	(14, 86, 45, 1, 30, 5, 1),
	(14, 87, 20, 0, 15, 3, 2),
	(14, 88, 15, 0, 10, 1, 3),
	(14, 89, 18, 0, 4, 1, 5),
	(14, 90, 15, 1, 12, 5, 0),
	(15, 3, 10, 0, 10, 3, 2),
	(15, 4, 15, 1, 6, 2, 1),
	(15, 5, 30, 0, 10, 2, 1),
	(15, 6, 30, 1, 8, 1, 0),
	(15, 7, 45, 1, 5, 2, 0),
	(15, 8, 45, 1, 12, 2, 1),
	(15, 9, 20, 0, 1, 1, 0),
	(15, 10, 45, 1, 12, 5, 0),
	(15, 81, 30, 0, 15, 3, 2),
	(15, 82, 45, 1, 19, 4, 2),
	(15, 83, 30, 0, 10, 3, 0),
	(15, 84, 18, 0, 1, 2, 5),
	(15, 85, 30, 1, 2, 3, 2),
	(15, 86, 45, 1, 19, 1, 2),
	(15, 87, 20, 1, 25, 1, 2),
	(15, 88, 15, 1, 6, 2, 4),
	(15, 89, 7, 0, 4, 1, 4),
	(16, 61, 30, 1, 12, 1, 0),
	(16, 62, 33, 0, 17, 2, 0),
	(16, 63, 18, 1, 2, 2, 5),
	(16, 64, 45, 1, 5, 1, 0),
	(16, 65, 45, 1, 8, 5, 2),
	(16, 66, 18, 0, 4, 1, 3),
	(16, 67, 18, 1, 6, 1, 3),
	(16, 69, 15, 0, 1, 2, 5),
	(16, 70, 18, 0, 4, 2, 5),
	(16, 91, 15, 1, 2, 1, 4),
	(16, 92, 45, 1, 12, 5, 2),
	(16, 93, 15, 0, 8, 2, 0),
	(16, 94, 15, 1, 6, 2, 5),
	(16, 95, 30, 0, 1, 2, 2),
	(16, 96, 15, 0, 2, 2, 4),
	(16, 97, 15, 0, 4, 2, 3),
	(16, 98, 40, 1, 12, 2, 1),
	(16, 99, 20, 0, 1, 2, 5),
	(16, 100, 30, 1, 10, 1, 2),
	(17, 11, 30, 0, 10, 3, 2),
	(17, 12, 25, 0, 8, 3, 2),
	(17, 13, 30, 1, 4, 1, 2),
	(17, 14, 14, 0, 8, 2, 2),
	(17, 15, 18, 1, 0, 2, 3),
	(17, 16, 15, 1, 1, 1, 3),
	(17, 17, 18, 0, 8, 1, 4),
	(17, 18, 45, 1, 12, 5, 0),
	(17, 20, 45, 1, 30, 5, 2),
	(17, 81, 20, 0, 10, 3, 2),
	(17, 82, 35, 0, 19, 3, 1),
	(17, 83, 20, 1, 4, 1, 2),
	(17, 84, 15, 1, 2, 1, 1),
	(17, 85, 25, 1, 4, 2, 1),
	(17, 86, 45, 0, 12, 2, 2),
	(17, 87, 30, 0, 4, 1, 2),
	(17, 88, 15, 0, 2, 2, 3),
	(17, 89, 20, 1, 1, 2, 2),
	(17, 90, 15, 1, 17, 4, 0),
	(18, 71, 15, 0, 6, 2, 2),
	(18, 72, 15, 1, 8, 1, 2),
	(18, 73, 30, 1, 15, 1, 1),
	(18, 74, 18, 0, 2, 2, 2),
	(18, 75, 30, 1, 8, 3, 0),
	(18, 76, 12, 0, 4, 3, 1),
	(18, 77, 30, 0, 2, 3, 2),
	(18, 78, 15, 0, 14, 2, 4),
	(18, 79, 45, 1, 17, 1, 0),
	(18, 80, 30, 1, 1, 1, 2),
	(18, 91, 20, 0, 1, 2, 5),
	(18, 92, 45, 1, 12, 1, 0),
	(18, 93, 15, 0, 8, 1, 2),
	(18, 94, 20, 1, 2, 1, 4),
	(18, 95, 30, 0, 15, 2, 1),
	(18, 96, 15, 0, 6, 1, 3),
	(18, 97, 15, 1, 4, 1, 5),
	(18, 98, 40, 1, 12, 5, 1),
	(18, 99, 20, 1, 6, 1, 2),
	(18, 100, 20, 0, 2, 2, 2),
	(19, 21, 45, 1, 17, 1, 0),
	(19, 22, 45, 1, 40, 5, 0),
	(19, 23, 15, 0, 15, 2, 1),
	(19, 24, 15, 0, 4, 2, 3),
	(19, 25, 30, 0, 12, 5, 2),
	(19, 26, 15, 1, 10, 3, 1),
	(19, 27, 30, 1, 17, 4, 0),
	(19, 28, 15, 0, 4, 2, 5),
	(19, 29, 30, 1, 30, 5, 0),
	(19, 71, 18, 0, 6, 2, 2),
	(19, 72, 45, 1, 30, 3, 1),
	(19, 73, 25, 1, 10, 3, 0),
	(19, 74, 15, 0, 0, 2, 1),
	(19, 75, 25, 0, 4, 3, 0),
	(19, 76, 30, 1, 4, 1, 0),
	(19, 77, 20, 1, 10, 3, 2),
	(19, 78, 22, 0, 0, 2, 1),
	(19, 79, 15, 1, 8, 4, 2),
	(19, 80, 25, 0, 10, 3, 2),
	(20, 21, 15, 1, 19, 4, 1),
	(20, 22, 25, 0, 12, 3, 0),
	(20, 23, 20, 0, 4, 3, 0),
	(20, 25, 45, 1, 19, 3, 1),
	(20, 26, 20, 1, 2, 2, 0),
	(20, 27, 40, 1, 25, 4, 2),
	(20, 28, 20, 0, 2, 1, 2),
	(20, 29, 40, 1, 19, 4, 0),
	(20, 30, 15, 0, 19, 1, 2),
	(20, 51, 25, 1, 8, 2, 0),
	(20, 52, 45, 1, 19, 4, 2),
	(20, 54, 30, 0, 10, 1, 2),
	(20, 56, 25, 0, 25, 3, 2),
	(20, 57, 40, 1, 12, 2, 2),
	(20, 58, 45, 1, 30, 2, 0),
	(20, 59, 30, 1, 19, 2, 1),
	(21, 21, 40, 1, 19, 3, 0),
	(21, 22, 15, 1, 17, 3, 2),
	(21, 23, 30, 0, 4, 2, 2),
	(21, 25, 17, 0, 40, 5, 0),
	(21, 26, 30, 1, 15, 3, 0),
	(21, 27, 30, 0, 30, 3, 1),
	(21, 28, 18, 0, 8, 2, 5),
	(21, 29, 30, 1, 19, 4, 1),
	(21, 30, 30, 1, 8, 2, 1),
	(21, 91, 52, 0, 6, 1, 4),
	(21, 92, 15, 1, 17, 1, 1),
	(21, 93, 20, 1, 2, 3, 0),
	(21, 94, 15, 0, 1, 2, 1),
	(21, 95, 20, 1, 4, 3, 2),
	(21, 96, 18, 1, 4, 2, 2),
	(21, 97, 15, 0, 8, 2, 1),
	(21, 98, 45, 1, 19, 1, 2),
	(21, 99, 15, 0, 2, 1, 4),
	(21, 100, 25, 0, 25, 1, 2),
	(22, 21, 30, 1, 5, 3, 2),
	(22, 22, 30, 1, 8, 2, 0),
	(22, 23, 10, 0, 25, 3, 2),
	(22, 25, 45, 1, 12, 1, 1),
	(22, 26, 20, 0, 15, 3, 1),
	(22, 27, 40, 1, 17, 5, 0),
	(22, 28, 20, 0, 0, 1, 5),
	(22, 29, 45, 1, 5, 5, 2),
	(22, 81, 30, 0, 4, 1, 2),
	(22, 82, 27, 0, 17, 3, 0),
	(22, 83, 25, 0, 8, 3, 2),
	(22, 84, 15, 1, 0, 1, 1),
	(22, 85, 25, 1, 8, 3, 0),
	(22, 86, 40, 0, 19, 2, 0),
	(22, 87, 30, 1, 2, 2, 2),
	(22, 88, 18, 1, 6, 2, 5),
	(22, 89, 15, 0, 2, 2, 1),
	(22, 90, 15, 1, 19, 4, 1),
	(23, 11, 30, 0, 4, 3, 2),
	(23, 12, 30, 1, 8, 3, 2),
	(23, 13, 20, 1, 10, 3, 1),
	(23, 14, 7, 0, 20, 3, 2),
	(23, 15, 15, 0, 4, 1, 3),
	(23, 16, 18, 0, 8, 2, 4),
	(23, 17, 15, 0, 14, 1, 5),
	(23, 18, 30, 1, 12, 3, 0),
	(23, 19, 30, 1, 8, 1, 0),
	(23, 20, 45, 1, 8, 1, 0),
	(23, 91, 15, 0, 4, 2, 4),
	(23, 92, 30, 1, 19, 3, 0),
	(23, 93, 30, 1, 4, 3, 2),
	(23, 94, 40, 0, 0, 2, 5),
	(23, 95, 30, 1, 10, 3, 2),
	(23, 96, 15, 0, 6, 2, 1),
	(23, 97, 15, 1, 2, 1, 4),
	(23, 98, 30, 1, 19, 5, 0),
	(23, 99, 15, 0, 2, 2, 2),
	(23, 100, 20, 0, 10, 3, 2),
	(24, 1, 20, 0, 8, 3, 2),
	(24, 2, 27, 0, 1, 2, 5),
	(24, 3, 15, 1, 25, 3, 2),
	(24, 4, 18, 0, 8, 1, 1),
	(24, 5, 25, 0, 2, 2, 2),
	(24, 6, 20, 1, 10, 3, 0),
	(24, 7, 45, 1, 5, 2, 0),
	(24, 8, 30, 1, 17, 3, 0),
	(24, 9, 25, 0, 4, 2, 0),
	(24, 10, 15, 1, 30, 4, 0),
	(24, 41, 20, 1, 8, 2, 1),
	(24, 42, 7, 0, 19, 5, 0),
	(24, 43, 30, 1, 17, 4, 2),
	(24, 44, 40, 1, 12, 2, 2),
	(24, 45, 15, 0, 2, 2, 1),
	(24, 46, 20, 1, 10, 3, 0),
	(24, 47, 15, 0, 10, 2, 2),
	(24, 48, 18, 0, 6, 1, 3),
	(24, 49, 30, 1, 5, 4, 1),
	(24, 50, 45, 0, 30, 2, 1),
	(25, 51, 20, 0, 8, 3, 2),
	(25, 52, 45, 1, 12, 5, 0),
	(25, 53, 15, 0, 4, 2, 1),
	(25, 54, 30, 1, 10, 3, 2),
	(25, 55, 30, 1, 8, 3, 2),
	(25, 56, 25, 0, 20, 3, 2),
	(25, 57, 15, 1, 8, 4, 0),
	(25, 59, 45, 1, 40, 2, 0),
	(25, 60, 15, 0, 4, 1, 1),
	(25, 71, 15, 0, 0, 1, 5),
	(25, 72, 40, 1, 30, 2, 2),
	(25, 73, 20, 1, 1, 3, 2),
	(25, 74, 15, 0, 4, 1, 2),
	(25, 75, 30, 1, 1, 3, 0),
	(25, 76, 30, 0, 8, 2, 1),
	(25, 78, 15, 0, 1, 1, 2),
	(25, 79, 45, 1, 25, 1, 0),
	(25, 80, 30, 1, 1, 3, 1),
	(26, 1, 40, 0, 25, 3, 2),
	(26, 2, 15, 0, 6, 1, 1),
	(26, 3, 25, 1, 15, 1, 2),
	(26, 4, 15, 0, 4, 2, 5),
	(26, 5, 25, 1, 2, 3, 1),
	(26, 6, 20, 0, 10, 2, 2),
	(26, 7, 15, 1, 19, 4, 2),
	(26, 8, 45, 1, 12, 4, 2),
	(26, 9, 25, 1, 4, 2, 0),
	(26, 10, 15, 0, 25, 3, 0),
	(26, 61, 30, 1, 25, 2, 0),
	(26, 62, 45, 1, 12, 5, 0),
	(26, 63, 20, 0, 1, 2, 5),
	(26, 64, 15, 1, 17, 1, 2),
	(26, 65, 45, 1, 5, 3, 0),
	(26, 66, 18, 0, 0, 1, 5),
	(26, 67, 18, 0, 0, 2, 2),
	(26, 68, 15, 0, 14, 2, 2),
	(26, 69, 14, 0, 2, 2, 2),
	(26, 70, 20, 1, 2, 2, 4),
	(27, 41, 7, 0, 10, 1, 1),
	(27, 42, 45, 1, 5, 5, 0),
	(27, 43, 15, 0, 19, 4, 2),
	(27, 44, 45, 1, 8, 3, 1),
	(27, 45, 18, 1, 6, 1, 4),
	(27, 47, 15, 1, 10, 2, 5),
	(27, 48, 20, 0, 2, 1, 5),
	(27, 49, 45, 1, 25, 1, 0),
	(27, 50, 30, 0, 30, 1, 0),
	(27, 71, 20, 0, 6, 2, 3),
	(27, 72, 15, 1, 17, 3, 0),
	(27, 73, 15, 1, 8, 3, 2),
	(27, 74, 15, 0, 10, 2, 2),
	(27, 75, 25, 1, 4, 2, 2),
	(27, 76, 30, 1, 2, 2, 2),
	(27, 77, 25, 0, 15, 1, 0),
	(27, 78, 20, 0, 4, 2, 3),
	(27, 79, 45, 1, 8, 5, 1),
	(27, 80, 30, 0, 10, 2, 2),
	(28, 41, 2, 0, 4, 3, 0),
	(28, 42, 45, 1, 19, 5, 0),
	(28, 43, 40, 1, 40, 2, 2),
	(28, 44, 40, 1, 25, 4, 2),
	(28, 45, 15, 0, 10, 2, 3),
	(28, 46, 30, 1, 1, 3, 2),
	(28, 47, 18, 0, 0, 2, 5),
	(28, 48, 20, 0, 6, 1, 4),
	(28, 50, 30, 1, 25, 2, 1),
	(28, 81, 30, 0, 4, 3, 2),
	(28, 82, 30, 1, 5, 5, 1),
	(28, 85, 30, 1, 2, 3, 2),
	(28, 86, 45, 1, 19, 5, 1),
	(28, 87, 25, 1, 15, 3, 2),
	(28, 88, 20, 0, 1, 2, 3),
	(28, 89, 15, 0, 6, 2, 4),
	(28, 90, 45, 1, 12, 1, 2),
	(29, 31, 45, 1, 8, 2, 2),
	(29, 33, 18, 0, 10, 1, 5),
	(29, 34, 20, 1, 8, 3, 2),
	(29, 35, 30, 1, 25, 4, 0),
	(29, 37, 40, 1, 19, 1, 2),
	(29, 38, 12, 0, 25, 3, 1),
	(29, 39, 45, 1, 12, 4, 1),
	(29, 40, 30, 0, 40, 3, 1),
	(29, 51, 20, 1, 10, 3, 0),
	(29, 52, 30, 1, 12, 2, 2),
	(29, 53, 40, 0, 1, 2, 2),
	(29, 54, 20, 0, 8, 1, 0),
	(29, 55, 15, 0, 4, 3, 1),
	(29, 56, 25, 0, 4, 3, 2),
	(29, 57, 15, 1, 25, 5, 0),
	(29, 58, 30, 1, 17, 3, 2),
	(29, 59, 30, 0, 5, 3, 2),
	(29, 60, 15, 1, 2, 1, 3),
	(30, 21, 30, 1, 12, 4, 0),
	(30, 22, 45, 1, 25, 4, 2),
	(30, 25, 15, 1, 40, 4, 0),
	(30, 26, 15, 0, 1, 3, 2),
	(30, 27, 45, 0, 12, 2, 2),
	(30, 29, 45, 1, 8, 4, 0),
	(30, 30, 45, 1, 19, 1, 1),
	(30, 31, 40, 1, 19, 5, 0),
	(30, 32, 15, 0, 1, 2, 4),
	(30, 33, 15, 0, 6, 2, 5),
	(30, 34, 5, 0, 8, 3, 1),
	(30, 35, 30, 1, 19, 4, 0),
	(30, 36, 15, 0, 0, 2, 5),
	(30, 37, 30, 1, 25, 3, 1),
	(30, 39, 45, 1, 30, 4, 2),
	(30, 40, 45, 1, 8, 4, 0),
	(31, 41, 25, 1, 20, 2, 0),
	(31, 42, 40, 0, 19, 3, 2),
	(31, 43, 15, 1, 25, 2, 2),
	(31, 44, 15, 1, 5, 4, 2),
	(31, 46, 20, 0, 20, 1, 2),
	(31, 47, 15, 0, 2, 2, 1),
	(31, 48, 20, 0, 0, 2, 3),
	(31, 49, 45, 1, 17, 2, 2),
	(31, 50, 45, 1, 40, 1, 0),
	(31, 51, 20, 1, 8, 3, 2),
	(31, 52, 45, 1, 17, 2, 1),
	(31, 53, 18, 0, 0, 1, 3),
	(31, 54, 25, 0, 25, 2, 2),
	(31, 55, 2, 0, 10, 3, 2),
	(31, 56, 30, 1, 1, 3, 2),
	(31, 58, 40, 1, 12, 2, 0),
	(31, 59, 45, 1, 17, 5, 1),
	(31, 60, 15, 0, 0, 2, 3),
	(32, 51, 20, 0, 2, 3, 2),
	(32, 52, 45, 1, 8, 5, 0),
	(32, 54, 30, 1, 2, 2, 2),
	(32, 55, 25, 1, 4, 2, 2),
	(32, 56, 30, 0, 2, 3, 2),
	(32, 58, 45, 1, 19, 5, 2),
	(32, 59, 45, 1, 8, 5, 0),
	(32, 61, 40, 1, 12, 2, 0),
	(32, 62, 40, 0, 12, 2, 0),
	(32, 63, 15, 0, 8, 1, 1),
	(32, 64, 12, 0, 8, 5, 0),
	(32, 65, 40, 1, 19, 5, 2),
	(32, 66, 15, 0, 2, 2, 1),
	(32, 67, 20, 1, 4, 1, 2),
	(32, 68, 18, 0, 1, 1, 1),
	(32, 69, 20, 1, 2, 2, 5),
	(32, 70, 20, 1, 4, 2, 4),
	(33, 11, 25, 1, 8, 1, 2),
	(33, 12, 30, 0, 1, 3, 2),
	(33, 13, 20, 0, 25, 2, 2),
	(33, 14, 27, 0, 10, 3, 2),
	(33, 15, 15, 1, 6, 1, 5),
	(33, 16, 18, 1, 14, 2, 2),
	(33, 17, 20, 0, 2, 2, 4),
	(33, 18, 40, 1, 19, 2, 0),
	(33, 20, 45, 1, 19, 2, 0),
	(33, 71, 15, 1, 1, 2, 3),
	(33, 72, 40, 1, 5, 4, 2),
	(33, 73, 35, 0, 15, 2, 1),
	(33, 74, 15, 1, 1, 2, 1),
	(33, 75, 30, 1, 8, 3, 2),
	(33, 76, 25, 0, 4, 3, 1),
	(33, 77, 20, 0, 4, 3, 2),
	(33, 78, 15, 0, 2, 1, 5),
	(33, 79, 15, 1, 40, 1, 0),
	(33, 80, 30, 0, 10, 3, 2),
	(34, 61, 45, 1, 12, 3, 0),
	(34, 62, 45, 1, 17, 4, 2),
	(34, 63, 10, 0, 8, 2, 1),
	(34, 64, 45, 1, 5, 5, 1),
	(34, 65, 30, 0, 25, 3, 0),
	(34, 66, 15, 0, 4, 1, 3),
	(34, 67, 20, 1, 1, 2, 1),
	(34, 69, 15, 1, 6, 2, 2),
	(34, 70, 15, 0, 2, 2, 1),
	(34, 71, 15, 1, 0, 1, 2),
	(34, 72, 15, 1, 19, 5, 1),
	(34, 73, 20, 0, 15, 2, 2),
	(34, 74, 15, 1, 2, 1, 1),
	(34, 75, 15, 0, 20, 3, 2),
	(34, 76, 25, 0, 2, 3, 0),
	(34, 77, 82, 0, 20, 3, 1),
	(34, 78, 18, 0, 2, 1, 1),
	(34, 79, 15, 1, 12, 5, 2),
	(34, 80, 20, 1, 25, 2, 1),
	(35, 51, 12, 0, 2, 3, 2),
	(35, 52, 30, 1, 8, 5, 1),
	(35, 53, 15, 0, 2, 2, 5),
	(35, 55, 20, 1, 4, 1, 2),
	(35, 56, 30, 1, 1, 3, 0),
	(35, 57, 45, 0, 12, 4, 1),
	(35, 58, 30, 1, 12, 4, 0),
	(35, 59, 40, 1, 5, 5, 2),
	(35, 60, 18, 0, 2, 2, 1),
	(35, 91, 50, 0, 6, 2, 5),
	(35, 92, 30, 1, 12, 1, 2),
	(35, 93, 20, 0, 4, 3, 2),
	(35, 94, 15, 0, 2, 2, 1),
	(35, 95, 15, 1, 8, 3, 2),
	(35, 96, 15, 1, 2, 1, 3),
	(35, 97, 15, 0, 14, 1, 2),
	(35, 98, 40, 1, 17, 1, 0),
	(35, 99, 20, 0, 1, 1, 2),
	(35, 100, 20, 1, 8, 3, 2),
	(36, 1, 25, 1, 10, 2, 2),
	(36, 3, 25, 1, 2, 1, 0),
	(36, 4, 15, 1, 8, 1, 4),
	(36, 5, 20, 0, 8, 1, 2),
	(36, 6, 30, 0, 8, 3, 0),
	(36, 7, 45, 1, 19, 5, 1),
	(36, 8, 20, 0, 30, 2, 2),
	(36, 9, 30, 0, 4, 3, 2),
	(36, 10, 30, 1, 40, 2, 0),
	(36, 21, 20, 0, 12, 5, 2),
	(36, 22, 15, 1, 25, 2, 1),
	(36, 23, 30, 0, 8, 1, 0),
	(36, 24, 15, 1, 4, 2, 5),
	(36, 25, 30, 1, 12, 4, 2),
	(36, 26, 30, 1, 4, 2, 2),
	(36, 27, 40, 0, 19, 5, 0),
	(36, 28, 15, 0, 6, 2, 4),
	(36, 29, 30, 0, 8, 4, 0),
	(36, 30, 15, 1, 19, 3, 2),
	(37, 72, 45, 1, 25, 2, 1),
	(37, 73, 30, 1, 4, 3, 2),
	(37, 74, 18, 1, 2, 1, 5),
	(37, 75, 20, 0, 1, 1, 2),
	(37, 76, 30, 1, 2, 3, 1),
	(37, 77, 20, 0, 2, 1, 2),
	(37, 78, 2, 0, 2, 1, 1),
	(37, 79, 45, 1, 12, 2, 1),
	(37, 80, 30, 0, 1, 3, 2),
	(37, 81, 30, 1, 2, 3, 2),
	(37, 82, 30, 1, 8, 2, 1),
	(37, 83, 20, 0, 4, 1, 2),
	(37, 84, 18, 0, 2, 1, 5),
	(37, 86, 40, 1, 19, 3, 1),
	(37, 87, 30, 1, 8, 3, 2),
	(37, 88, 12, 0, 4, 2, 1),
	(37, 89, 15, 0, 2, 2, 5),
	(37, 90, 45, 1, 30, 3, 0),
	(38, 1, 20, 1, 4, 2, 2),
	(38, 2, 20, 1, 2, 1, 3),
	(38, 3, 25, 0, 20, 3, 2),
	(38, 4, 20, 0, 4, 1, 3),
	(38, 5, 30, 0, 10, 1, 2),
	(38, 7, 45, 1, 30, 1, 0),
	(38, 8, 30, 1, 17, 3, 0),
	(38, 9, 20, 0, 4, 2, 1),
	(38, 10, 30, 1, 25, 4, 0),
	(38, 91, 15, 1, 6, 2, 4),
	(38, 92, 30, 1, 19, 3, 1),
	(38, 93, 40, 0, 8, 3, 0),
	(38, 94, 15, 0, 8, 1, 4),
	(38, 95, 20, 0, 4, 3, 2),
	(38, 96, 15, 1, 4, 2, 2),
	(38, 97, 20, 0, 14, 1, 1),
	(38, 98, 40, 1, 30, 4, 2),
	(38, 99, 15, 0, 6, 2, 3),
	(38, 100, 30, 1, 2, 3, 2),
	(39, 51, 30, 1, 4, 2, 0),
	(39, 52, 45, 1, 12, 3, 0),
	(39, 53, 20, 0, 6, 2, 5),
	(39, 54, 20, 1, 15, 1, 0),
	(39, 55, 30, 1, 8, 3, 2),
	(39, 56, 30, 0, 4, 3, 2),
	(39, 58, 35, 0, 17, 5, 2),
	(39, 59, 30, 1, 5, 5, 0),
	(39, 81, 30, 0, 4, 3, 2),
	(39, 82, 45, 1, 12, 2, 2),
	(39, 83, 25, 0, 8, 1, 1),
	(39, 84, 15, 1, 0, 2, 2),
	(39, 85, 20, 0, 2, 3, 1),
	(39, 86, 30, 1, 17, 1, 2),
	(39, 87, 30, 1, 8, 1, 2),
	(39, 88, 15, 0, 6, 1, 1),
	(39, 90, 30, 1, 19, 3, 2),
	(40, 31, 45, 1, 30, 3, 2),
	(40, 32, 20, 0, 8, 1, 5),
	(40, 33, 15, 0, 1, 2, 1),
	(40, 35, 40, 1, 30, 3, 0),
	(40, 36, 15, 1, 4, 1, 4),
	(40, 37, 40, 0, 8, 5, 2),
	(40, 38, 15, 1, 15, 1, 2),
	(40, 39, 5, 0, 19, 3, 2),
	(40, 40, 45, 1, 19, 1, 2),
	(40, 61, 45, 1, 5, 3, 0),
	(40, 62, 15, 1, 8, 1, 2),
	(40, 63, 37, 0, 1, 2, 3),
	(40, 64, 30, 0, 8, 2, 2),
	(40, 65, 30, 1, 5, 5, 2),
	(40, 66, 15, 0, 8, 2, 5),
	(40, 67, 18, 1, 6, 1, 1),
	(40, 68, 15, 1, 2, 2, 5),
	(40, 69, 15, 0, 4, 2, 1),
	(40, 70, 20, 0, 4, 1, 5),
	(41, 1, 20, 1, 10, 3, 1),
	(41, 2, 15, 0, 6, 2, 4),
	(41, 3, 35, 0, 10, 3, 2),
	(41, 4, 15, 1, 10, 1, 3),
	(41, 5, 20, 0, 10, 3, 2),
	(41, 6, 20, 1, 1, 1, 2),
	(41, 7, 40, 1, 12, 4, 2),
	(41, 8, 15, 0, 40, 1, 1),
	(41, 9, 30, 0, 4, 3, 0),
	(41, 10, 30, 1, 12, 3, 2),
	(41, 11, 20, 1, 10, 3, 2),
	(41, 12, 20, 0, 15, 1, 2),
	(41, 13, 30, 0, 10, 3, 0),
	(41, 14, 20, 1, 10, 2, 2),
	(41, 15, 5, 0, 0, 2, 2),
	(41, 16, 15, 1, 10, 1, 4),
	(41, 17, 15, 0, 6, 2, 5),
	(41, 18, 45, 1, 17, 2, 1),
	(41, 19, 30, 0, 17, 5, 0),
	(41, 20, 40, 1, 25, 1, 1),
	(42, 11, 30, 1, 25, 3, 2),
	(42, 12, 25, 0, 4, 3, 2),
	(42, 13, 25, 1, 8, 2, 2),
	(42, 14, 30, 1, 10, 1, 1),
	(42, 15, 15, 1, 4, 1, 1),
	(42, 16, 18, 0, 4, 2, 5),
	(42, 18, 45, 0, 5, 3, 0),
	(42, 19, 12, 0, 40, 2, 2),
	(42, 20, 40, 1, 12, 3, 0),
	(42, 31, 40, 1, 25, 2, 0),
	(42, 32, 17, 0, 1, 2, 2),
	(42, 35, 30, 1, 19, 5, 2),
	(42, 36, 18, 0, 6, 1, 1),
	(42, 37, 45, 1, 30, 1, 2),
	(42, 38, 30, 0, 2, 3, 1),
	(42, 39, 30, 1, 17, 3, 0),
	(42, 40, 30, 1, 25, 4, 2),
	(43, 21, 40, 1, 12, 1, 0),
	(43, 22, 30, 0, 19, 4, 2),
	(43, 23, 30, 1, 10, 3, 2),
	(43, 24, 10, 0, 4, 1, 4),
	(43, 27, 45, 1, 17, 1, 2),
	(43, 29, 40, 1, 17, 5, 0),
	(43, 30, 45, 1, 19, 2, 1),
	(43, 41, 25, 0, 10, 3, 2),
	(43, 42, 40, 1, 19, 3, 1),
	(43, 43, 15, 0, 8, 3, 0),
	(43, 44, 30, 1, 8, 2, 1),
	(43, 45, 15, 0, 2, 2, 3),
	(43, 46, 20, 0, 2, 3, 2),
	(43, 47, 20, 1, 8, 2, 3),
	(43, 48, 15, 0, 6, 2, 2),
	(43, 49, 30, 1, 19, 3, 2),
	(43, 50, 30, 1, 19, 3, 0),
	(44, 11, 20, 1, 8, 3, 2),
	(44, 12, 30, 0, 10, 3, 0),
	(44, 13, 25, 1, 8, 3, 2),
	(44, 14, 15, 1, 10, 1, 0),
	(44, 15, 15, 0, 2, 1, 3),
	(44, 16, 15, 1, 4, 2, 2),
	(44, 17, 15, 0, 2, 2, 2),
	(44, 18, 15, 0, 8, 5, 1),
	(44, 19, 45, 1, 25, 2, 1),
	(44, 20, 45, 0, 8, 5, 2),
	(44, 41, 25, 1, 8, 3, 1),
	(44, 42, 45, 1, 19, 3, 2),
	(44, 43, 45, 1, 17, 2, 0),
	(44, 44, 15, 0, 19, 2, 2),
	(44, 45, 10, 0, 6, 1, 4),
	(44, 46, 15, 0, 25, 3, 2),
	(44, 47, 15, 0, 6, 2, 4),
	(44, 49, 40, 1, 19, 1, 0),
	(44, 50, 30, 1, 12, 2, 2),
	(45, 11, 25, 0, 4, 1, 1),
	(45, 12, 25, 0, 8, 3, 2),
	(45, 13, 30, 0, 1, 2, 2),
	(45, 14, 10, 0, 10, 3, 2),
	(45, 15, 15, 1, 2, 2, 3),
	(45, 16, 15, 1, 8, 2, 4),
	(45, 18, 45, 1, 19, 4, 2),
	(45, 19, 45, 1, 19, 5, 1),
	(45, 20, 30, 1, 40, 1, 2),
	(45, 61, 40, 1, 19, 4, 2),
	(45, 62, 15, 1, 25, 3, 1),
	(45, 63, 15, 1, 1, 2, 2),
	(45, 64, 15, 0, 17, 3, 0),
	(45, 65, 40, 1, 8, 1, 2),
	(45, 66, 15, 1, 0, 1, 4),
	(45, 67, 20, 0, 1, 2, 3),
	(45, 68, 15, 0, 8, 1, 3),
	(45, 69, 45, 0, 10, 2, 2),
	(45, 70, 20, 0, 4, 2, 5);
/*!40000 ALTER TABLE `participations` ENABLE KEYS */;


-- Dumping structure for table sba.players
DROP TABLE IF EXISTS `players`;
CREATE TABLE IF NOT EXISTS `players` (
  `player_id` int(10) NOT NULL,
  `player_first_name` varchar(50) NOT NULL,
  `player_last_name` varchar(50) NOT NULL,
  `birth_date` date DEFAULT NULL,
  `height` float DEFAULT NULL,
  `weight` float DEFAULT NULL,
  `team_id` int(10) DEFAULT NULL,
  `home_state` char(2) DEFAULT NULL,
  `birth_state` char(2) DEFAULT NULL,
  `quality` int(10) DEFAULT NULL,
  PRIMARY KEY (`player_id`)
) ENGINE=InnoDB DEFAULT CHARSET=latin1;

-- Dumping data for table sba.players: ~100 rows (approximately)
/*!40000 ALTER TABLE `players` DISABLE KEYS */;
INSERT INTO `players` (`player_id`, `player_first_name`, `player_last_name`, `birth_date`, `height`, `weight`, `team_id`, `home_state`, `birth_state`, `quality`) VALUES
	(1, 'DARIUS', 'Brands', '0000-00-00', 76.2, 197.5, 1, 'MN', 'ND', 2),
	(2, 'BRAIN', 'Kunsch', '0000-00-00', 74.3, 185.4, 1, 'MD', 'MD', 3),
	(3, 'KENDRICK', 'Kafton', '0000-00-00', 72.9, 181, 1, 'VT', 'VT', 2),
	(4, 'ARMAND', 'Lachat', '0000-00-00', 72.2, 189.7, 1, 'MT', 'MT', 3),
	(5, 'ALI', 'Borio', '0000-00-00', 74.3, 180.6, 1, 'FL', 'FL', 2),
	(6, 'JACKSON', 'Samay', '0000-00-00', 68.5, 175, 1, 'MN', 'MN', 2),
	(7, 'DANE', 'Talahytewa', '0000-00-00', 69.9, 199.4, 1, 'CT', 'CT', 1),
	(8, 'CLIFF', 'Casher', '0000-00-00', 73.9, 201.7, 1, 'ID', 'ID', 1),
	(9, 'MARCEL', 'Jacot', '0000-00-00', 76.5, 183.5, 1, 'ND', 'ND', 2),
	(10, 'MARCEL', 'Titze', '0000-00-00', 70, 188.2, 1, 'HI', 'HI', 1),
	(11, 'RAPHAEL', 'Sitko', '0000-00-00', 72.9, 196.4, 2, 'ND', 'ND', 2),
	(12, 'ALI', 'Aufderheide', '0000-00-00', 71.9, 193.2, 2, 'AL', 'AL', 2),
	(13, 'CAREY', 'Dense', '0000-00-00', 73.7, 180.8, 2, 'FL', 'FL', 2),
	(14, 'JACKSON', 'Vay', '0000-00-00', 73.7, 186.3, 2, 'NJ', 'NJ', 2),
	(15, 'BRAIN', 'Gattshall', '0000-00-00', 69.5, 187, 2, 'ND', 'ND', 3),
	(16, 'KENDRICK', 'Burde', '0000-00-00', 73.2, 202.9, 2, 'FL', 'FL', 3),
	(17, 'ALI', 'Dicapua', '0000-00-00', 70.8, 183.1, 2, 'ME', 'ME', 3),
	(18, 'JACKSON', 'Aitcheson', '0000-00-00', 71.3, 203.9, 2, 'NH', 'NH', 1),
	(19, 'MOISES', 'Nore', '0000-00-00', 72.1, 175.3, 2, 'ME', 'ME', 1),
	(20, 'CLIFF', 'Shely', '0000-00-00', 72.4, 196.3, 2, 'OK', 'OK', 1),
	(21, 'ALVARO', 'Billiott', '0000-00-00', 73.1, 208.5, 3, 'DE', 'DE', 1),
	(22, 'JEFFRY', 'Pacitto', '0000-00-00', 72.6, 184.9, 3, 'NH', 'NH', 1),
	(23, 'BRYON', 'Younie', '0000-00-00', 75.8, 191.4, 3, 'ME', 'ME', 2),
	(24, 'JACKSON', 'Sherick', '0000-00-00', 70.9, 186.9, 3, 'FL', 'FL', 3),
	(25, 'MOISES', 'Kopperman', '0000-00-00', 75.6, 191.8, 3, 'HI', 'HI', 1),
	(26, 'DARIUS', 'Mehtani', '0000-00-00', 76.7, 188, 3, 'AR', 'AR', 2),
	(27, 'RAPHAEL', 'Ramming', '0000-00-00', 66.3, 204.4, 3, 'ID', 'ID', 1),
	(28, 'ROB', 'Ducotey', '0000-00-00', 76.4, 196.7, 3, 'ND', 'ND', 3),
	(29, 'ROD', 'Janikowski', '0000-00-00', 69.3, 183.9, 3, 'CA', 'CA', 1),
	(30, 'ROB', 'Franzi', '0000-00-00', 77.9, 179.9, 3, 'AR', 'AR', 1),
	(31, 'HAL', 'Barrack', '0000-00-00', 71.1, 185.2, 4, 'DE', 'DE', 1),
	(32, 'RAPHAEL', 'Sherretts', '0000-00-00', 76.2, 187, 4, 'ID', 'ID', 3),
	(33, 'MARCEL', 'Entsminger', '0000-00-00', 78.3, 176.9, 4, 'NH', 'NH', 3),
	(34, 'CLIFF', 'Eggink', '0000-00-00', 68.7, 177.1, 4, 'KS', 'KS', 2),
	(35, 'DANE', 'Rindone', '0000-00-00', 73.7, 190.9, 4, 'NV', 'NV', 1),
	(36, 'RAPHAEL', 'Murdough', '0000-00-00', 73.1, 196.5, 4, 'DE', 'DE', 3),
	(37, 'ALVARO', 'Langman', '0000-00-00', 73.9, 190.3, 4, 'PA', 'PA', 1),
	(38, 'CLIFF', 'Kolinski', '0000-00-00', 71.6, 195.6, 4, 'IL', 'IL', 2),
	(39, 'ELWOOD', 'Briskey', '0000-00-00', 75.7, 172.8, 4, 'AZ', 'AZ', 1),
	(40, 'JACKSON', 'Barness', '0000-00-00', 78.7, 186.4, 4, 'HI', 'HI', 1),
	(41, 'MARCEL', 'Montee', '0000-00-00', 74, 194.8, 5, 'NC', 'NC', 2),
	(42, 'THADDEUS', 'Shadler', '0000-00-00', 75.6, 196.7, 5, 'IA', 'IA', 1),
	(43, 'HAL', 'Dellano', '0000-00-00', 76.3, 187.2, 5, 'NV', 'NV', 1),
	(44, 'ARMAND', 'Stempien', '0000-00-00', 70.5, 194.4, 5, 'RI', 'RI', 1),
	(45, 'ARMAND', 'Borkoski', '0000-00-00', 71.4, 192, 5, 'PA', 'PA', 3),
	(46, 'RAPHAEL', 'Henagan', '0000-00-00', 72.3, 213.6, 5, 'HI', 'HI', 2),
	(47, 'DANE', 'Pincince', '0000-00-00', 70.8, 192.6, 5, 'NY', 'NY', 3),
	(48, 'ROD', 'Fogelson', '0000-00-00', 75.3, 205.6, 5, 'NY', 'NY', 3),
	(49, 'JACKSON', 'Mccarson', '0000-00-00', 69, 198.1, 5, 'NY', 'NY', 1),
	(50, 'CLIFF', 'Sanburg', '0000-00-00', 74.3, 216.3, 5, 'CO', 'CO', 1),
	(51, 'KENDRICK', 'Colbenson', '0000-00-00', 76.5, 192.3, 6, 'MO', 'MO', 2),
	(52, 'ROD', 'Dalphonse', '0000-00-00', 72.7, 183.1, 6, 'DE', 'DE', 1),
	(53, 'MOISES', 'Dohn', '0000-00-00', 72.9, 183.1, 6, 'KY', 'KY', 3),
	(54, 'JACKSON', 'Ausland', '0000-00-00', 72.3, 219.7, 6, 'LA', 'LA', 2),
	(55, 'CLIFF', 'Khamo', '0000-00-00', 70.1, 172.2, 6, 'AZ', 'AZ', 2),
	(56, 'FIDEL', 'Maretti', '0000-00-00', 71.2, 200.2, 6, 'IA', 'IA', 2),
	(57, 'MARCEL', 'Gambler', '0000-00-00', 71.8, 195.2, 6, 'NJ', 'NJ', 1),
	(58, 'JACKSON', 'Fullagar', '0000-00-00', 74.5, 193.4, 6, 'NY', 'NY', 1),
	(59, 'BRAIN', 'Kritzer', '0000-00-00', 72.3, 201.9, 6, 'HI', 'HI', 1),
	(60, 'JEFFRY', 'Cintora', '0000-00-00', 71.2, 203.4, 6, 'AR', 'AR', 3),
	(61, 'Jack', 'Fasheh', '0000-00-00', 71.3, 181.5, 7, 'ME', 'ME', 1),
	(62, 'NOLAN', 'Benthin', '0000-00-00', 76.3, 192.9, 7, 'ND', 'ND', 1),
	(63, 'MOISES', 'Newville', '0000-00-00', 72.7, 201.7, 7, 'AL', 'AL', 3),
	(64, 'HAL', 'Carotenuto', '0000-00-00', 73.7, 207.1, 7, 'VT', 'VT', 1),
	(65, 'MARCEL', 'Eison', '0000-00-00', 69.4, 186.3, 7, 'NH', 'NH', 1),
	(66, 'ELWOOD', 'Ahrends', '0000-00-00', 71.9, 175.3, 7, 'KS', 'KS', 3),
	(67, 'DANE', 'Roskelley', '0000-00-00', 81, 183.6, 7, 'ID', 'ID', 3),
	(68, 'MARCEL', 'Colom', '0000-00-00', 78.8, 207.3, 7, 'ME', 'ME', 3),
	(69, 'MOISES', 'Arave', '0000-00-00', 76.5, 195.1, 7, 'NH', 'NH', 3),
	(70, 'DARIUS', 'Bokman', '0000-00-00', 74.6, 193.1, 7, 'ID', 'ID', 3),
	(71, 'CAREY', 'Mccament', '0000-00-00', 78, 176.4, 8, 'LA', 'LA', 3),
	(72, 'FIDEL', 'Blondell', '0000-00-00', 72.6, 189.5, 8, 'AL', 'AL', 1),
	(73, 'ELWOOD', 'Farb', '0000-00-00', 72.8, 200.1, 8, 'NM', 'NM', 2),
	(74, 'ARMAND', 'Delprincipe', '0000-00-00', 75.1, 204.8, 8, 'AL', 'AL', 3),
	(75, 'MARCEL', 'Texiera', '0000-00-00', 73.8, 182.8, 8, 'GA', 'GA', 2),
	(76, 'ALI', 'Perrenoud', '0000-00-00', 71, 197.5, 8, 'NJ', 'NJ', 2),
	(77, 'THADDEUS', 'Boatfield', '0000-00-00', 72.8, 200.9, 8, 'WI', 'WI', 2),
	(78, 'FIDEL', 'Bushart', '0000-00-00', 72.1, 199.8, 8, 'NH', 'NH', 3),
	(79, 'JACKSON', 'Joncas', '0000-00-00', 78.5, 193.3, 8, 'MA', 'MA', 1),
	(80, 'SON', 'Mellow', '0000-00-00', 74.9, 183.1, 8, 'DE', 'DE', 2),
	(81, 'THADDEUS', 'Joliet', '0000-00-00', 69.2, 189.8, 9, 'IA', 'IA', 2),
	(82, 'BRAIN', 'Plane', '0000-00-00', 74.9, 196.5, 9, 'PA', 'PA', 1),
	(83, 'ALVARO', 'Thyberg', '0000-00-00', 76.5, 195.4, 9, 'HI', 'HI', 2),
	(84, 'ELWOOD', 'Elward', '0000-00-00', 71.7, 181.1, 9, 'MD', 'MD', 3),
	(85, 'MARCEL', 'Barbarin', '0000-00-00', 76.8, 192.4, 9, 'NJ', 'NJ', 2),
	(86, 'JEFFRY', 'Callum', '0000-00-00', 70.5, 187.4, 9, 'MO', 'MO', 1),
	(87, 'ALVARO', 'Hillegas', '0000-00-00', 72.4, 194, 9, 'PA', 'PA', 2),
	(88, 'CLIFF', 'Sibilia', '0000-00-00', 70.9, 179.7, 9, 'NY', 'NY', 3),
	(89, 'JEFFRY', 'Grissinger', '0000-00-00', 70.1, 192.1, 9, 'AR', 'AR', 3),
	(90, 'ALI', 'Gehler', '0000-00-00', 71.7, 197.5, 9, 'MD', 'MD', 1),
	(91, 'ROBERT', 'Mcteer', '0000-00-00', 69.3, 189.2, 10, 'MD', 'MD', 3),
	(92, 'MARLIN', 'Hummingbird', '0000-00-00', 70.2, 208.9, 10, 'NC', 'NC', 1),
	(93, 'KENDRICK', 'Grates', '0000-00-00', 74.7, 176.8, 10, 'FL', 'FL', 2),
	(94, 'ALI', 'Boike', '0000-00-00', 75.1, 179, 10, 'NV', 'NV', 3),
	(95, 'THADDEUS', 'Requena', '0000-00-00', 73.2, 185.4, 10, 'FL', 'FL', 2),
	(96, 'CLIFF', 'Cuna', '0000-00-00', 72.6, 195, 10, 'PA', 'PA', 3),
	(97, 'MARLIN', 'Waldhauser', '0000-00-00', 75.8, 195.7, 10, 'TN', 'TN', 3),
	(98, 'CLIFF', 'Pratka', '0000-00-00', 71.1, 149.9, 10, 'MN', 'MN', 1),
	(99, 'SON', 'Mertel', '0000-00-00', 74.7, 185.9, 10, 'MO', 'MO', 3),
	(100, 'DANE', 'Bellanca', '0000-00-00', 78.2, 188.8, 10, 'NM', 'NM', 2);
/*!40000 ALTER TABLE `players` ENABLE KEYS */;


-- Dumping structure for table sba.teams
DROP TABLE IF EXISTS `teams`;
CREATE TABLE IF NOT EXISTS `teams` (
  `team_id` int(10) NOT NULL,
  `team_name` varchar(50) NOT NULL,
  `coach_id` int(10) NOT NULL,
  `home_venue_id` int(10) NOT NULL,
  `captain_id` int(10) NOT NULL,
  PRIMARY KEY (`team_id`)
) ENGINE=InnoDB DEFAULT CHARSET=latin1;

-- Dumping data for table sba.teams: ~10 rows (approximately)
/*!40000 ALTER TABLE `teams` DISABLE KEYS */;
INSERT INTO `teams` (`team_id`, `team_name`, `coach_id`, `home_venue_id`, `captain_id`) VALUES
	(1, 'Orange Peels', 2, 3, 3),
	(2, 'Rockets', 3, 4, 14),
	(3, 'Raging Bulls', 4, 5, 28),
	(4, 'Royal Tuskers', 5, 6, 31),
	(5, 'Towering Dunkers', 6, 7, 46),
	(6, 'Hilbillies', 7, 8, 57),
	(7, 'Martyrs', 8, 9, 61),
	(8, 'Patriots', 9, 10, 78),
	(9, 'Marlins', 10, 1, 86),
	(10, 'Electrics', 1, 2, 91);
/*!40000 ALTER TABLE `teams` ENABLE KEYS */;


-- Dumping structure for table sba.venues
DROP TABLE IF EXISTS `venues`;
CREATE TABLE IF NOT EXISTS `venues` (
  `venue_id` int(10) NOT NULL,
  `venue_name` varchar(50) NOT NULL,
  `street_address` varchar(100) DEFAULT NULL,
  `city` varchar(50) DEFAULT NULL,
  `state` char(2) DEFAULT NULL,
  `zip` varchar(10) DEFAULT NULL,
  `capacity` int(6) DEFAULT NULL,
  `year_built` int(4) DEFAULT NULL,
  PRIMARY KEY (`venue_id`)
) ENGINE=InnoDB DEFAULT CHARSET=latin1;

-- Dumping data for table sba.venues: ~10 rows (approximately)
/*!40000 ALTER TABLE `venues` DISABLE KEYS */;
INSERT INTO `venues` (`venue_id`, `venue_name`, `street_address`, `city`, `state`, `zip`, `capacity`, `year_built`) VALUES
	(1, 'Edison Arena', '200 Main street', 'Edison', 'NJ', '08820', 5000, 2000),
	(2, 'Washington Nest', '1600 Pennsylvanis Avenue', 'Washington', 'DC', '20500', 10000, 1809),
	(3, 'Mad Square Den', '300 Fifth Avenue', 'New York', 'NY', '10011', 20000, 1968),
	(4, 'Silicon Golly', '200 Market Street', 'San Francisco', 'CA', '90210', 48000, 1975),
	(5, 'Hole Puch Arena', '200 Hollywood', 'Hollywood', 'CA', '90220', 28000, 1999),
	(6, 'Royal Arch Bowl', '300 Main Street', 'St Louis', 'MO', '63101', 15000, 1995),
	(7, 'Peak Vista Arena', '7500 Airport Blvd', 'Denver', 'CO', '80010', 23000, 1965),
	(8, 'Buffalo Yards', '3240 Buffalo Bill Road', 'Buffalo', 'NY', '14201', 14000, 1956),
	(9, 'Lake Viewl Arena', '1000 Blagovich Drive', 'Chicago', 'IL', '60601', 35000, 1986),
	(10, 'Innovation Space', '7000 Crooked Alley', 'Detroit', 'MI', '48201', 24000, 1990);
/*!40000 ALTER TABLE `venues` ENABLE KEYS */;
/*!40014 SET FOREIGN_KEY_CHECKS=1 */;
/*!40101 SET CHARACTER_SET_CLIENT=@OLD_CHARACTER_SET_CLIENT */;
